Class_Name_1,URI_1,Instances_Names_1,Class_Name_2,URI_2,Instances_Names_2,Relation
convention,http://rtw.ml.cmu.edu/rtw/kbbrowser/pred:convention," tacticon ,  ny comiccon ,  anime revolution ",Country,http://dbpedia.org/ontology/Country," Bihać Republic ,  Osroene ,  Palemonids ",0
architect,http://rtw.ml.cmu.edu/rtw/kbbrowser/pred:architect," gwen john ,  john burgee ,  william haines ",Scientist,http://dbpedia.org/ontology/Scientist," V. R. Prabodhachandran Nayar ,  Ian Stirling (biologist) ,  Enrique Alba ",0
academicfield,http://rtw.ml.cmu.edu/rtw/kbbrowser/pred:academicfield," plant propagation ,  nhk science   technical ,  oriental studies ",Colour,http://dbpedia.org/ontology/Colour," Flax (color) ,  Puce ,  Sarah Jane Smith: Ghost Town ",0
tradeunion,http://rtw.ml.cmu.edu/rtw/kbbrowser/pred:tradeunion," glass workers  union of north america ,  directors guild of america ,  scottish trade unionists ",Profession,http://dbpedia.org/ontology/Profession,,0
olympics,http://rtw.ml.cmu.edu/rtw/kbbrowser/pred:olympics," n2000 sydney olympic games ,  n1976 montreal summer olympics ,  olympics 2008 ",Olympics,http://dbpedia.org/ontology/Olympics," Biathlon at the 1998 Winter Olympics – Men's relay ,  Freestyle skiing at the 1994 Winter Olympics ,  Water polo at the 2008 Summer Olympics ",1
professor,http://rtw.ml.cmu.edu/rtw/kbbrowser/pred:professor," tracy togliatti ,  cindy thomas ,  betsy husband ",TelevisionShow,http://dbpedia.org/ontology/TelevisionShow," Rocar DAC ,  National Lampoon's Class of '86 ,  The Journey (trilogy series) ",0
airport,http://rtw.ml.cmu.edu/rtw/kbbrowser/pred:airport," white county ,  la aurora international airport ,  kona airport ",Sport,http://dbpedia.org/ontology/Sport," Mouse racing ,  Scene statistics ,  Alpine snowboarding ",0
currency,http://rtw.ml.cmu.edu/rtw/kbbrowser/pred:currency," el tipo ,  dollar dollars ,  asistentes ",Airport,http://dbpedia.org/ontology/Airport," Pribylovo, Leningrad Oblast ,  Susuman Airport ,  Benalla Airport ",0
architect,http://rtw.ml.cmu.edu/rtw/kbbrowser/pred:architect," gai mattiolo ,  lambert sigisbert adam ,  samuel beckett ",Artery,http://dbpedia.org/ontology/Artery," Route 5 (Hong Kong) ,  Posterior humeral circumflex artery ,  Ovarian branch of uterine artery ",0
trainstation,http://rtw.ml.cmu.edu/rtw/kbbrowser/pred:trainstation," north idaho college ,  morgan boulevard ,  skidmore college ",RadioStation,http://dbpedia.org/ontology/RadioStation," WMDM ,  WBKE-FM ,  KEWU-FM ",0
bone,http://rtw.ml.cmu.edu/rtw/kbbrowser/pred:bone," tibia bone ,  tibial plafond ,  bones  arms ",Song,http://dbpedia.org/ontology/Song," Es ist das Heil uns kommen her ,  Start Over ,  Bird Set Free ",0
planet,http://rtw.ml.cmu.edu/rtw/kbbrowser/pred:planet," visible earth ,  planet aether ,  venus books ",Book,http://dbpedia.org/ontology/Book," History of Palestine ,  Shrink Yourself ,  Battle Cry (Leon Uris novel) ",0
hobby,http://rtw.ml.cmu.edu/rtw/kbbrowser/pred:hobby," state of the art testing ,  monthly drawing ,  speed stacking ",Sport,http://dbpedia.org/ontology/Sport," Internet meme ,  List of Olympic medalists in cross-country skiing ,  BMW F800ST ",0
website,http://rtw.ml.cmu.edu/rtw/kbbrowser/pred:website," contact the home office ,  contact the forestry division ,  contact the employment office ",Newspaper,http://dbpedia.org/ontology/Newspaper," Photographic paper ,  Louisville Defender ,  Arodnieks (1920) ",0
beach,http://rtw.ml.cmu.edu/rtw/kbbrowser/pred:beach," xigia beach ,  bethlehem georgia ,  vancleve kentucky ",Beach,http://dbpedia.org/ontology/Beach,,1
winery,http://rtw.ml.cmu.edu/rtw/kbbrowser/pred:winery," amore vineyards   winery ,  henry of pelham winery ,  estate downtown ",Country,http://dbpedia.org/ontology/Country," Nakhchivan Autonomous Republic ,  Argentina–Philippines relations ,  Cutch State ",0
musicalbum,http://rtw.ml.cmu.edu/rtw/kbbrowser/pred:musicalbum," day of the damned ,  three full months ,  beyond the veil ",VideoGame,http://dbpedia.org/ontology/VideoGame," Battle of Britain (video game) ,  X-Scape ,  Incubation: Time Is Running Out ",0
wine,http://rtw.ml.cmu.edu/rtw/kbbrowser/pred:wine," riforme ,  atteggiamenti ,  sauvignon blanc wine ",Disease,http://dbpedia.org/ontology/Disease," Stretch marks ,  Symmetry breaking ,  Rectal prolapse ",0
skyscraper,http://rtw.ml.cmu.edu/rtw/kbbrowser/pred:skyscraper," pakse hotel ,  city of capitals ,  burj views tower 3 ",ShoppingMall,http://dbpedia.org/ontology/ShoppingMall," The Mercat Shopping Centre ,  Quintard Mall ,  Springdale Mall ",1
artery,http://rtw.ml.cmu.edu/rtw/kbbrowser/pred:artery," sylvian artery ,  tibial nutrient artery ,  arteria lingularis inferior ",Protein,http://dbpedia.org/ontology/Protein," SYNE2 ,  GPNMB ,  Consumer-resource systems ",0
musicsong,http://rtw.ml.cmu.edu/rtw/kbbrowser/pred:musicsong," particular question ,  back to you ,  work to do ",Disease,http://dbpedia.org/ontology/Disease," Lelis syndrome ,  List of cults of personality ,  Arrow information paradox ",0
country,http://rtw.ml.cmu.edu/rtw/kbbrowser/pred:country," israel   haifa ,  russia   malojaroslavec ,  new zealand passport holders ",Winery,http://dbpedia.org/ontology/Winery," Ingleside Vineyards ,  Leland Stanford Winery ,  Leeuwin Estate ",0
director,http://rtw.ml.cmu.edu/rtw/kbbrowser/pred:director," isaac florentine ,  tarun mansukhani ,  kevin lima ",MovieDirector,http://dbpedia.org/ontology/MovieDirector,,1
park,http://rtw.ml.cmu.edu/rtw/kbbrowser/pred:park," naracoorte caves national park ,  lake compounce family theme park ,  coopracambra national park ",Park,http://dbpedia.org/ontology/Park," Millennium Park (Abuja) ,  Waimea Canyon State Park ,  The Oval (Prestwick) ",1
website,http://rtw.ml.cmu.edu/rtw/kbbrowser/pred:website," contact human resource services ,  contact the financial aid ,  santa rosa press democrat ",Website,http://dbpedia.org/ontology/Website," Malay Wikipedia ,  The Hive (website) ,  Kaboom (book) ",1
lymphnode,http://rtw.ml.cmu.edu/rtw/kbbrowser/pred:lymphnode," intraglandular lymph nodes ,  recurrent enlarged lymph nodes ,  elongated lymph nodes ",Lymph,http://dbpedia.org/ontology/Lymph," Intercostal lymph nodes ,  Lunar node ,  Hepatic lymph nodes ",1
publication,http://rtw.ml.cmu.edu/rtw/kbbrowser/pred:publication," zoo weekly magazine ,  family practice management ,  the new york daily ",Magazine,http://dbpedia.org/ontology/Magazine," Help! (magazine) ,  Princeton Tory ,  Game World Navigator ",0
protein,http://rtw.ml.cmu.edu/rtw/kbbrowser/pred:protein," peroxidase enzyme ,  ciliary neurotrophic factor receptor ,  arginyl trna synthetase ",Protein,http://dbpedia.org/ontology/Protein," C-C chemokine receptor type 6 ,  ZBTB33 ,  CLK2 ",1
programminglanguage,http://rtw.ml.cmu.edu/rtw/kbbrowser/pred:programminglanguage," p l e u r ,  i v e ,  legacy languages ",Language,http://dbpedia.org/ontology/Language," Moscow ML ,  SALSA (programming language) ,  Nutabe language ",0
country,http://rtw.ml.cmu.edu/rtw/kbbrowser/pred:country," uk url ,  poland   jelenia gora ,  south yemen ",PoliticalParty,http://dbpedia.org/ontology/PoliticalParty," Libertas Ireland ,  Khana Ratsadon ,  Ephraim Israel National Convention ",0
mountain,http://rtw.ml.cmu.edu/rtw/kbbrowser/pred:mountain," cornell peak ,  harcuvar peak ,  ellsworth mountains ",Country,http://dbpedia.org/ontology/Country," New Haven Colony ,  Free Territory of Trieste ,  An der Etsch ",0
plant,http://rtw.ml.cmu.edu/rtw/kbbrowser/pred:plant," n16 other followers ,  flame lilies ,  shrubby tree ",Bird,http://dbpedia.org/ontology/Bird," Broad-billed prion ,  Pacific swift ,  Pitcairn reed warbler ",0
musicinstrument,http://rtw.ml.cmu.edu/rtw/kbbrowser/pred:musicinstrument," bicycle horns ,  topshur ,  pan pipes ",Instrument,http://dbpedia.org/ontology/Instrument,,#
cardgame,http://rtw.ml.cmu.edu/rtw/kbbrowser/pred:cardgame," pokerat casinoonnet ,  holdm tournaments ,  hhold ",BoardGame,http://dbpedia.org/ontology/BoardGame,,#
city,http://rtw.ml.cmu.edu/rtw/kbbrowser/pred:city," jennings ,  gujranwala ,  gobowen ",Celebrity,http://dbpedia.org/ontology/Celebrity,,0
profession,http://rtw.ml.cmu.edu/rtw/kbbrowser/pred:profession," chartered physiotherapist ,  editor news ,  political columnist ",Profession,http://dbpedia.org/ontology/Profession,,1
amphibian,http://rtw.ml.cmu.edu/rtw/kbbrowser/pred:amphibian," mexican leaf frogs ,  red racer snake ,  flat tailed horned lizard ",City,http://dbpedia.org/ontology/City," Elrosa, Minnesota ,  La Salle, Minnesota ,  Bryant, Arkansas ",0
planet,http://rtw.ml.cmu.edu/rtw/kbbrowser/pred:planet," day mercury ,  early venus ,  nebulos ",Plant,http://dbpedia.org/ontology/Plant," Boysenberry ,  Archibald Primrose, 4th Earl of Rosebery ,  Kunzea parvifolia ",0
televisionnetwork,http://rtw.ml.cmu.edu/rtw/kbbrowser/pred:televisionnetwork,"fox ,  london sunday times ,  pbs ",TelevisionStation,http://dbpedia.org/ontology/TelevisionStation," WXYZ-TV ,  CBNT-DT ,  Jack TV ",0
archaea,http://rtw.ml.cmu.edu/rtw/kbbrowser/pred:archaea," lifestyle drugs ,  prescription cheap valium ,  vildagliptin ",Architect,http://dbpedia.org/ontology/Architect," William West Neve ,  John Assael ,  John Plaw ",0
artery,http://rtw.ml.cmu.edu/rtw/kbbrowser/pred:artery," lateral segmental artery of hepatic artery ,  cerebral ventricles ,  vasa nervorum ",Vein,http://dbpedia.org/ontology/Vein," Inferior vena cava ,  Facial vein ,  Pudendal plexus (veins) ",0
disease,http://rtw.ml.cmu.edu/rtw/kbbrowser/pred:disease," penfield syndrome ,  rett like syndrome ,  cyclosporine toxicity ",VideoGame,http://dbpedia.org/ontology/VideoGame," Musika ,  Novastrike ,  Dokapon MillenniumQuest ",0
celebrity,http://rtw.ml.cmu.edu/rtw/kbbrowser/pred:celebrity," web site use ,  gerard kennedy ,  use articles ",Celebrity,http://dbpedia.org/ontology/Celebrity,,1
city,http://rtw.ml.cmu.edu/rtw/kbbrowser/pred:city," tucson arizona ,  bad wimpfen ,  kungsbacka ",Country,http://dbpedia.org/ontology/Country," Margraviate of Landsberg ,  Republic of Upper Volta ,  German Samoa ",#
beach,http://rtw.ml.cmu.edu/rtw/kbbrowser/pred:beach," scourie beach ,  amanda ohio ,  aleisha beach ",Stadium,http://dbpedia.org/ontology/Stadium," O'Brien Stadium ,  Hellyer Park Velodrome ,  Railway Cricket Ground, Jaipur ",0
comedian,http://rtw.ml.cmu.edu/rtw/kbbrowser/pred:comedian," mark rosman ,  linda hogan ,  prince william ",Comedian,http://dbpedia.org/ontology/Comedian," Phoebe Robinson ,  Aubrey Plaza ,  Hirofumi Suga ",1
hotel,http://rtw.ml.cmu.edu/rtw/kbbrowser/pred:hotel," wellesley inn miami lakes ,  netherlands antilles hotels ,  rayong resort ",Protein,http://dbpedia.org/ontology/Protein," OR51I2 ,  GMPPB ,  Teduglutide ",0
disease,http://rtw.ml.cmu.edu/rtw/kbbrowser/pred:disease," sydrome ,  amaurotic familial infantile idiocy ,  chromosome trisomy disorders ",Island,http://dbpedia.org/ontology/Island," Askrova ,  Kotelny Island ,  Hestan Island ",0
athlete,http://rtw.ml.cmu.edu/rtw/kbbrowser/pred:athlete," eric wood ,  robin haase ,  john roseboro ",Architect,http://dbpedia.org/ontology/Architect," John W. Dunn (architect) ,  John Outram ,  Alan Hantman ",0
election,http://rtw.ml.cmu.edu/rtw/kbbrowser/pred:election," n1966 general election ,  legislative elections last month ,  elections this fall ",TelevisionStation,http://dbpedia.org/ontology/TelevisionStation," TV Slon Extra ,  CKOS-TV ,  CNBC Asia ",0
shoppingmall,http://rtw.ml.cmu.edu/rtw/kbbrowser/pred:shoppingmall," results home ,  shoppes at valley forge shopping center ,  cleveland mall ",ShoppingMall,http://dbpedia.org/ontology/ShoppingMall," Moreno Valley Mall ,  Desert Fashion Plaza ,  Meadowood Mall ",1
university,http://rtw.ml.cmu.edu/rtw/kbbrowser/pred:university," bakersfield community college ,  balikesir university ,  union college ",University,http://dbpedia.org/ontology/University," Vikram Dev College, Jeypore ,  Institute of Biochemistry and Biophysics ,  Jaya Group of Colleges ",1
cheese,http://rtw.ml.cmu.edu/rtw/kbbrowser/pred:cheese," pepper jack ,  fin de siecle cheese ,  brimsen ",Athlete,http://dbpedia.org/ontology/Athlete," Timmy Fitzpatrick ,  Stephen Brett ,  Giovanni Gerbi ",0
profession,http://rtw.ml.cmu.edu/rtw/kbbrowser/pred:profession," guest performer ,  on air contributor ,  good tennis player ",Professor,http://dbpedia.org/ontology/Professor,,0
religion,http://rtw.ml.cmu.edu/rtw/kbbrowser/pred:religion," calvary gospel temple ,  lancaster community baptist church ,  precious blood roman catholic church ",Religious,http://dbpedia.org/ontology/Religious," Bhaktisvarupa Damodar Swami ,  Zentatsu Richard Baker ,  Pierre Chaignon ",0
park,http://rtw.ml.cmu.edu/rtw/kbbrowser/pred:park," dixie landin  theme park ,  huanglongsi jiuzhaigou national park ,  rovaniemi hotels ",Port,http://dbpedia.org/ontology/Port,,0
profession,http://rtw.ml.cmu.edu/rtw/kbbrowser/pred:profession," passionate volunteer ,  labor leader ,  creative assistant ",TradeUnion,http://dbpedia.org/ontology/TradeUnion," Korean Teachers and Education Workers Union ,  Breweries & Bottleyards Employees Industrial Union of Workers WA ,  1199SEIU United Healthcare Workers East ",0
color,http://rtw.ml.cmu.edu/rtw/kbbrowser/pred:color," turquiose ,  long color ,  dusty purple ",Bird,http://dbpedia.org/ontology/Bird," Macquarie rail ,  New Zealand bellbird ,  Three-wattled bellbird ",0
street,http://rtw.ml.cmu.edu/rtw/kbbrowser/pred:street," route 723 ,  n53rd street ,  horton street ",Artery,http://dbpedia.org/ontology/Artery," Ovarian branch of uterine artery ,  Superficial palmar arch ,  Brachiocephalic artery ",0
musicartist,http://rtw.ml.cmu.edu/rtw/kbbrowser/pred:musicartist," herederos de una venganza ,  the wilkinsons ,  the london philharmonic orches ",MusicGenre,http://dbpedia.org/ontology/MusicGenre," Kacapi suling ,  Chanson d'aventure ,  Human rights literature ",0
profession,http://rtw.ml.cmu.edu/rtw/kbbrowser/pred:profession," law enforcement specialist ,  council chair ,  domestic violence counselor ",Protein,http://dbpedia.org/ontology/Protein," Photolyase ,  SCN1B ,  Drosha ",0
island,http://rtw.ml.cmu.edu/rtw/kbbrowser/pred:island," nashport ohio ,  baxter kentucky ,  morgantown pennsylvania ",Island,http://dbpedia.org/ontology/Island," Mabel Island ,  Rossøya ,  Dhanbidhoo ",1
musicfestival,http://rtw.ml.cmu.edu/rtw/kbbrowser/pred:musicfestival," lossiemouth folk club festival ,  gardena heritage festival ,  harbour festival ",FilmFestival,http://dbpedia.org/ontology/FilmFestival," Imagine Film Festival ,  1st Moscow Jewish Film Festival ,  Cinema in Sneakers (film festival) ",0
airport,http://rtw.ml.cmu.edu/rtw/kbbrowser/pred:airport," honolulu county ,  anaktuvuk airport ,  houston hobby airport ",City,http://dbpedia.org/ontology/City," Gaastra, Michigan ,  Hollandale, Minnesota ,  Ardoch, North Dakota ",0
website,http://rtw.ml.cmu.edu/rtw/kbbrowser/pred:website," south lyon herald ,  jakarta globe ,  contact the programme administrator ",Wine,http://dbpedia.org/ontology/Wine,,0
comedian,http://rtw.ml.cmu.edu/rtw/kbbrowser/pred:comedian," amy jo strutt ,  andrew bleak ,  kent cheng ",Film,http://dbpedia.org/ontology/Film," MÁG ,  Lock Up (film) ,  Nights in Andalusia ",0
stadiumoreventvenue,http://rtw.ml.cmu.edu/rtw/kbbrowser/pred:stadiumoreventvenue," pine tree stadium ,  lindborg cregg field ,  uc riverside student recreation center ",Bank,http://dbpedia.org/ontology/Bank," Fondi Italiani per le Infrastrutture SGR ,  HSBC Guyerzeller Bank ,  Sasfin Bank ",0
weatherphenomenon,http://rtw.ml.cmu.edu/rtw/kbbrowser/pred:weatherphenomenon," light winds ,  monsoon rains ,  cyclonic storm ",Actor,http://dbpedia.org/ontology/Actor," Alexander Kalyagin ,  Allysin Chaynes ,  Graeme Hawley ",0
winery,http://rtw.ml.cmu.edu/rtw/kbbrowser/pred:winery," bressler vineyards ,  prager winery   port works ,  estat ",River,http://dbpedia.org/ontology/River," Traful River ,  Lepuș River ,  Gumara River ",0
filmfestival,http://rtw.ml.cmu.edu/rtw/kbbrowser/pred:filmfestival," olympic bronze medal ,  the santa fe film festival ,  starlight cinema evian short film festival ",FilmFestival,http://dbpedia.org/ontology/FilmFestival," Southern Appalachian International Film Festival ,  2004 Toronto International Film Festival ,  Tropfest ",1
chef,http://rtw.ml.cmu.edu/rtw/kbbrowser/pred:chef," robin derry ,  jeff prettyman ,  jeff allard ",Archaea,http://dbpedia.org/ontology/Archaea," Caldococcus ,  Crenarchaeota ,  Thermococcus profundus ",0
convention,http://rtw.ml.cmu.edu/rtw/kbbrowser/pred:convention," creative commons non commercial license ,  midohiocon ,  another anime con ",PoliticalParty,http://dbpedia.org/ontology/PoliticalParty," All Ceylon Islamic United Front ,  Karbi Longri N.C. Hills Liberation Front ,  Republican Party of Texas ",1
journalist,http://rtw.ml.cmu.edu/rtw/kbbrowser/pred:journalist," dale gates ,  jim huffman ,  bill ellis ",Astronaut,http://dbpedia.org/ontology/Astronaut," Jim Wetherbee ,  Brian Duffy (astronaut) ,  Jeffrey Ashby ",0
sportsleague,http://rtw.ml.cmu.edu/rtw/kbbrowser/pred:sportsleague," canadian hockey league ,  arizona rookie league ,  cfl this season ",VideoGame,http://dbpedia.org/ontology/VideoGame," GT Racing: Motor Academy ,  Spectre Circuit Simulator ,  Maxithlon ",0
movie,http://rtw.ml.cmu.edu/rtw/kbbrowser/pred:movie," blair witch project ,  paint splatters kitchen ,  movie stigmata ",Province,http://dbpedia.org/ontology/Province,,0
sportsleague,http://rtw.ml.cmu.edu/rtw/kbbrowser/pred:sportsleague," north dufferin baseball league ,  nba next season ,  coastal league ",StormSurge,http://dbpedia.org/ontology/StormSurge,,0
vehicle,http://rtw.ml.cmu.edu/rtw/kbbrowser/pred:vehicle," daihatsu sonica ,  bmw lcm2 ,  n2008 honda fit ",Reptile,http://dbpedia.org/ontology/Reptile," Censky's ameiva ,  Chuxiongosaurus ,  Afroablepharus ",0
actor,http://rtw.ml.cmu.edu/rtw/kbbrowser/pred:actor," jordi shoman ,  robert hales ,  jill haworth ",Bacteria,http://dbpedia.org/ontology/Bacteria," Salinispora arenicola ,  Kineosporiaceae ,  Acidimicrobium ",0
sport,http://rtw.ml.cmu.edu/rtw/kbbrowser/pred:sport," famous sport ,  thaing ,  pool area attractions area attractions ",SportsLeague,http://dbpedia.org/ontology/SportsLeague," Décastar ,  Charleston Classic ,  Tasmanian State League ",0
zoo,http://rtw.ml.cmu.edu/rtw/kbbrowser/pred:zoo," henson robinson zoo ,  suffolk wildlife park ,  rostov on don zoo ",Park,http://dbpedia.org/ontology/Park," Duke Lemur Center ,  Momich Lakes Provincial Park ,  Zabeel Park ",0
visualartform,http://rtw.ml.cmu.edu/rtw/kbbrowser/pred:visualartform," sufficient account ,  exhibitionist photo ,  photo recovery ",Election,http://dbpedia.org/ontology/Election," Franche-Comté regional election, 2010 ,  Labour Party (UK) deputy leadership election, 1972 ,  Costa Rican general election, 1958 ",0
street,http://rtw.ml.cmu.edu/rtw/kbbrowser/pred:street," pleasant street ,  walpole avenue ,  azalea avenue ",Street,http://dbpedia.org/ontology/Street,,1
mediatype,http://rtw.ml.cmu.edu/rtw/kbbrowser/pred:mediatype," planning journals ,  dvd video ,  martial arts publications ",Weapon,http://dbpedia.org/ontology/Weapon," Plasan Sand Cat ,  Ngaw ,  CITER 155mm L33 gun ",0
amphibian,http://rtw.ml.cmu.edu/rtw/kbbrowser/pred:amphibian," rare amphibians ,  shining leaf frog ,  blood snake ",Reptile,http://dbpedia.org/ontology/Reptile," Paroedura ,  Cyrtopodion ,  Dongyangosaurus ",0
monument,http://rtw.ml.cmu.edu/rtw/kbbrowser/pred:monument," rio grande gorge state park ,  fredericksburg area museum ,  air museum planes of fame ",Continent,http://dbpedia.org/ontology/Continent," Latin America ,  Communication for social change ,  Mainland ",0
fungus,http://rtw.ml.cmu.edu/rtw/kbbrowser/pred:fungus," certain molds ,  mold box ,  wickerhamiella domercqiae ",Disease,http://dbpedia.org/ontology/Disease," Hyperekplexia ,  Pemphigoid ,  Type introspection ",0
musicartist,http://rtw.ml.cmu.edu/rtw/kbbrowser/pred:musicartist," christina aguilera lyrics new lyrics new albums top lyrics ,  chronic future ,  the hi los ",Award,http://dbpedia.org/ontology/Award," Pacific Music Awards ,  Sporting News College Football Coach of the Year ,  Golden Foot ",0
planet,http://rtw.ml.cmu.edu/rtw/kbbrowser/pred:planet," mars the planet ,  planeturanus ,  our planet ",Planet,http://dbpedia.org/ontology/Planet," 2010 AL30 ,  40463 Frankkameny ,  1353 Maartje ",1
academicfield,http://rtw.ml.cmu.edu/rtw/kbbrowser/pred:academicfield," fine arts photography ,  descriptive studies ,  fashion media ",AcademicConference,http://dbpedia.org/ontology/AcademicConference," International Conference on Business Process Management ,  Pattern Languages of Programs ,  The Future of Freedom Conference ",0
archaea,http://rtw.ml.cmu.edu/rtw/kbbrowser/pred:archaea," prescription uk viagra ,  prescription tramadol order ,  practolol ",Chef,http://dbpedia.org/ontology/Chef," Eric Aubriot ,  Clare Smyth ,  Koumei Nakamura ",0
scientist,http://rtw.ml.cmu.edu/rtw/kbbrowser/pred:scientist," jacob david bekenstein ,  kristina williams ,  kevin rivera ",Scientist,http://dbpedia.org/ontology/Scientist," John David Kennedy ,  Charles Royal Johnson ,  Margaret J. Osler ",1
weatherphenomenon,http://rtw.ml.cmu.edu/rtw/kbbrowser/pred:weatherphenomenon," salty wind ,  wild wind ,  extreme winds ",Disease,http://dbpedia.org/ontology/Disease," Histrionic personality disorder ,  Pyogenic granuloma ,  Pneumoconiosis ",0
boardgame,http://rtw.ml.cmu.edu/rtw/kbbrowser/pred:boardgame," po ker texas ,  em poker for free texas ,  um poker p oker ",Bridge,http://dbpedia.org/ontology/Bridge," Government Bridge ,  Victoria Bridge, Bath ,  Price–Legg Bridge ",0
election,http://rtw.ml.cmu.edu/rtw/kbbrowser/pred:election," n2005 national elections ,  n1957 general election ,  n2010 special election ",ProgrammingLanguage,http://dbpedia.org/ontology/ProgrammingLanguage," Basic4ppc ,  KRL (programming language) ,  IBM 1401 Symbolic Programming System ",0
language,http://rtw.ml.cmu.edu/rtw/kbbrowser/pred:language," sonoran languages ,  espa ol ,  banggai language ",Language,http://dbpedia.org/ontology/Language," Pure Data ,  Galoli language ,  Barrow Point language ",1
awardtrophytournament,http://rtw.ml.cmu.edu/rtw/kbbrowser/pred:awardtrophytournament," ranking points ,  n2009 super bowl ,  nl central title ",Award,http://dbpedia.org/ontology/Award," Struck idiophone ,  David A. Sowles Memorial Award ,  1992 Kids' Choice Awards ",1
automobileengine,http://rtw.ml.cmu.edu/rtw/kbbrowser/pred:automobileengine," mazda mx6 engines ,  oldsmobile aurora engines ,  pontiac grand am engines ",Automobile,http://dbpedia.org/ontology/Automobile," Paydell ,  Hyundai i20 ,  Speed of the Wind ",0
fungus,http://rtw.ml.cmu.edu/rtw/kbbrowser/pred:fungus," yeasts ,  fungus phytophthora ,  concave mold ",Plant,http://dbpedia.org/ontology/Plant," Juniperus grandis ,  Clematis lasiantha ,  Corylus chinensis ",0
hotel,http://rtw.ml.cmu.edu/rtw/kbbrowser/pred:hotel," hotel aalborg ,  best west hotel ,  nirwana resort hotel ",ShoppingMall,http://dbpedia.org/ontology/ShoppingMall," Albany Mall ,  Gunwharf Quays ,  Cascade Mall ",0
televisionstation,http://rtw.ml.cmu.edu/rtw/kbbrowser/pred:televisionstation," wls ,  wmum tv ,  wkha ",TelevisionStation,http://dbpedia.org/ontology/TelevisionStation," KNXT ,  WTLH ,  Canada Laughs ",1
publication,http://rtw.ml.cmu.edu/rtw/kbbrowser/pred:publication," kabul weekly ,  big shot magazine ,  desoto tribune ",Politician,http://dbpedia.org/ontology/Politician," Asadollah Alam ,  Paul Calvin Visser ,  John Ladue ",0
county,http://rtw.ml.cmu.edu/rtw/kbbrowser/pred:county," dali city ,  houston city in fort bend county ,  mochudi ",Island,http://dbpedia.org/ontology/Island," Nobbys Head ,  Cummings Island ,  Maple Island ",0
skyscraper,http://rtw.ml.cmu.edu/rtw/kbbrowser/pred:skyscraper," hopewell centre ,  mile end station ,  santa fe community convention center ",Plant,http://dbpedia.org/ontology/Plant," Colchicum parlatoris ,  Cyanixia ,  Leonotis leonurus ",0
musicfestival,http://rtw.ml.cmu.edu/rtw/kbbrowser/pred:musicfestival," riviera maya jazz festival ,  marymoor blues festival ,  bi annual meeting ",MusicFestival,http://dbpedia.org/ontology/MusicFestival," Iran in the Bala Turkvision Song Contest ,  Beverley Folk Festival ,  1971 Amateur World Series ",1
island,http://rtw.ml.cmu.edu/rtw/kbbrowser/pred:island," norwood georgia ,  montezuma georgia ,  sharon kansas ",Language,http://dbpedia.org/ontology/Language," Eblen Hills ,  Ezhil (programming language) ,  Arabela language ",0
protein,http://rtw.ml.cmu.edu/rtw/kbbrowser/pred:protein," neuroregulators receptor ,  powerful antioxidant nutrient ,  factor x ",Vein,http://dbpedia.org/ontology/Vein," Plantar venous arch ,  Thoracoepigastric vein ,  Superficial vein ",0
mountain,http://rtw.ml.cmu.edu/rtw/kbbrowser/pred:mountain," fisher mountain ,  tod mountain ,  gunung baru ",MountainRange,http://dbpedia.org/ontology/MountainRange," Adelegg ,  Star Range ,  Tatlatui Range ",0
visualartform,http://rtw.ml.cmu.edu/rtw/kbbrowser/pred:visualartform," photo coloring ,  photographs video ,  photography oils ",Country,http://dbpedia.org/ontology/Country," Low Carbon Vehicle Event ,  Instanton ,  Turkmen Soviet Socialist Republic ",0
director,http://rtw.ml.cmu.edu/rtw/kbbrowser/pred:director," kat coiro ,  douglas keeve ,  hal hartley ",Comedian,http://dbpedia.org/ontology/Comedian," Tahir Mamedov ,  Paul Putner ,  Noel Fielding ",*
comedian,http://rtw.ml.cmu.edu/rtw/kbbrowser/pred:comedian," st   louis cardinals spring training ,  edward james olmos and mary mcdonnell ,  lynne redgrave ",Convention,http://dbpedia.org/ontology/Convention," Tour of the Moon ,  Congress on the French language in Canada ,  Great North Run ",0
cave,http://rtw.ml.cmu.edu/rtw/kbbrowser/pred:cave," note i ve ,  dunston cave ,  hamilton cave ",Cave,http://dbpedia.org/ontology/Cave," Airmen's Cave ,  Bakers Pit ,  Sidcot Swallet ",1
wine,http://rtw.ml.cmu.edu/rtw/kbbrowser/pred:wine," compilare ,  ni ddera ,  cotto ",ReligiousBuilding,http://dbpedia.org/ontology/ReligiousBuilding," Beth Shalom Congregation (Columbia, Maryland) ,  Temple Beth-El (Jersey City, New Jersey) ,  Gaussan Priory ",0
cave,http://rtw.ml.cmu.edu/rtw/kbbrowser/pred:cave," lost cove cave ,  pine hill cave ,  haus ",River,http://dbpedia.org/ontology/River," Mahi River ,  Yug River ,  Wang Ma River ",0
televisionshow,http://rtw.ml.cmu.edu/rtw/kbbrowser/pred:televisionshow," next wednesday ,  the carol burnett show ,  free classes ",TelevisionStation,http://dbpedia.org/ontology/TelevisionStation," TRT Okul ,  WCES-TV ,  WWSB ",0
artery,http://rtw.ml.cmu.edu/rtw/kbbrowser/pred:artery," coronary artery circulation ,  coratid artery ,  right dorsal aorta ",Airport,http://dbpedia.org/ontology/Airport," Buffalo Narrows Airport ,  Empress Airport ,  Miles Airport ",0
race,http://rtw.ml.cmu.edu/rtw/kbbrowser/pred:race," tour de missouri ,  paris   bruxelles ,  tour of turkey ",Cave,http://dbpedia.org/ontology/Cave," Holy Boy's Cave ,  Pierre's Pot ,  La Mansonnière cave ",0
planet,http://rtw.ml.cmu.edu/rtw/kbbrowser/pred:planet," planet pluto ,  earth survives ,  three earth ",Automobile,http://dbpedia.org/ontology/Automobile," McDuffie Racing ,  Apple Desktop Bus ,  Mercedes-Benz 770 ",0
sport,http://rtw.ml.cmu.edu/rtw/kbbrowser/pred:sport," everyoneslistedmediawiki ,  pinewood karate ,  wado ryu karate ",Sport,http://dbpedia.org/ontology/Sport," Single skating ,  Football in England ,  Vinkensport ",1
lake,http://rtw.ml.cmu.edu/rtw/kbbrowser/pred:lake," little whitefish lake ,  kiwanis lake ,  cat mountain pond ",Island,http://dbpedia.org/ontology/Island," Santa Catalina Island, Colombia ,  Operl Island (Alaska) ,  Tsarabanjina ",0
publication,http://rtw.ml.cmu.edu/rtw/kbbrowser/pred:publication," direct selling news ,  the times picayune   new orleans ,  caterer and hotelkeeper magazine ",RadioStation,http://dbpedia.org/ontology/RadioStation," KRBA (AM) ,  WQBG ,  XEMR-AM ",0
election,http://rtw.ml.cmu.edu/rtw/kbbrowser/pred:election," june parliamentary elections ,  june general election ,  afghan presidential elections ",Convention,http://dbpedia.org/ontology/Convention," Synchronicity (Rock Festival, IIT Kanpur) ,  Cotswold Air Show ,  ConFurence ",0
skiarea,http://rtw.ml.cmu.edu/rtw/kbbrowser/pred:skiarea," alabama creek ,  stony fork creek ,  forty mile river ",State,http://dbpedia.org/ontology/State,,0
artery,http://rtw.ml.cmu.edu/rtw/kbbrowser/pred:artery," oesophageal branches of inferior thyroid artery ,  anterior cecal arteries ,  infarct related coronary artery ",Bacteria,http://dbpedia.org/ontology/Bacteria," Methylocystis bryophila ,  Amaricoccus ,  Campylobacter jejuni ",0
island,http://rtw.ml.cmu.edu/rtw/kbbrowser/pred:island," paron arkansas ,  delray beach ,  bingham utah ",Plant,http://dbpedia.org/ontology/Plant," Guardsman ,  Rafflesia ,  Solandra grandiflora ",0
musicalbum,http://rtw.ml.cmu.edu/rtw/kbbrowser/pred:musicalbum," ring personal homemade album ,  past 5 years ,  twilight of the idols ",MusicalArtist,http://dbpedia.org/ontology/MusicalArtist," Peg Leg Sam ,  Alfred Jean Baptiste Lemaire ,  Whip (musician) ",0
artery,http://rtw.ml.cmu.edu/rtw/kbbrowser/pred:artery," proximal vessel ,  artery inferior labial ,  artery diameter ",Disease,http://dbpedia.org/ontology/Disease," Kasabach–Merritt syndrome ,  Meningism ,  Poly drug use ",0
stateorprovince,http://rtw.ml.cmu.edu/rtw/kbbrowser/pred:stateorprovince," kurdzhali ,  leova ,  aceh and papua ",State,http://dbpedia.org/ontology/State,,*
conference,http://rtw.ml.cmu.edu/rtw/kbbrowser/pred:conference," natas conference ,  october conference ,  interface tbytecollection parameters ",Website,http://dbpedia.org/ontology/Website," Rough Cuts (radio series) ,  Scout (travel website) ,  PIDBA: The Paleoindian Database of the Americas ",0
protein,http://rtw.ml.cmu.edu/rtw/kbbrowser/pred:protein," caspase 3 antibody ,  b cell activating factor receptor ,  binding proteins ",Province,http://dbpedia.org/ontology/Province,,0
sport,http://rtw.ml.cmu.edu/rtw/kbbrowser/pred:sport," sale this definition ,  sale budget ,  world renowned sport ",VideoGame,http://dbpedia.org/ontology/VideoGame," Marble Blast Gold ,  Space Trader (Palm OS) ,  Samurai Warriors 4 ",0
website,http://rtw.ml.cmu.edu/rtw/kbbrowser/pred:website," contact the treasurer s office ,  saturday evening post ,  contact duane ",Reptile,http://dbpedia.org/ontology/Reptile," Draco spilonotus ,  Peckemys ,  Kikuzato's brook snake ",0
highway,http://rtw.ml.cmu.edu/rtw/kbbrowser/pred:highway," new london turnpike ,  harewood road ,  mercer street ",Road,http://dbpedia.org/ontology/Road," Lincoln Road ,  Connecticut Route 142 ,  King Street, Cambridge ",1
recordlabel,http://rtw.ml.cmu.edu/rtw/kbbrowser/pred:recordlabel," jargon records ,  mortarhate records ,  major league records ",RecordLabel,http://dbpedia.org/ontology/RecordLabel," Don Giovanni Records ,  Siddharta Records ,  Nation Records ",1
election,http://rtw.ml.cmu.edu/rtw/kbbrowser/pred:election," n1960 legislative election ,  january 8 elections ,  second term 2c 1937 e2 80 931941 ",Election,http://dbpedia.org/ontology/Election," South Dakota gubernatorial election, 1998 ,  Farmer Field School ,  RSVP (invitations) ",1
bombingevent,http://rtw.ml.cmu.edu/rtw/kbbrowser/pred:bombingevent," bombers kill 31 at iraq campaign rally for shiites   the japan times ,  kabul blast ,  ghatkopar blast ",Attack,http://dbpedia.org/ontology/Attack,,1
nonprofitorganization,http://rtw.ml.cmu.edu/rtw/kbbrowser/pred:nonprofitorganization," world activities ,  united states psychiatric rehabilitation association ,  network professional association ",Poem,http://dbpedia.org/ontology/Poem," The Hunger Angel ,  Elucidation ,  Prahlādacharita ",0
stateorprovince,http://rtw.ml.cmu.edu/rtw/kbbrowser/pred:stateorprovince," kouilou ,  grand ,  moro province ",EthnicGroup,http://dbpedia.org/ontology/EthnicGroup," Germans of Serbia ,  Christianity in India ,  Internally displaced person ",0
race,http://rtw.ml.cmu.edu/rtw/kbbrowser/pred:race," n7 dorpenomloop aalburg ,  lincoln international gp ,  vuelta ciclista asturias ",Race,http://dbpedia.org/ontology/Race," Sapphire Stakes (Ireland) ,  Single Speed World Championship ,  Round Tower Stakes ",1
trainstation,http://rtw.ml.cmu.edu/rtw/kbbrowser/pred:trainstation," university college of the fraser valley mission ,  hamline university ,  western piedmont community college ",TelevisionStation,http://dbpedia.org/ontology/TelevisionStation," Radio 101 (Malta) ,  DDTV ,  KMSB ",0
celebrity,http://rtw.ml.cmu.edu/rtw/kbbrowser/pred:celebrity," use articles money home currency converter currency news financial news reviews currencies contact ,  use back ,  service guidelines ",City,http://dbpedia.org/ontology/City," Cotter, Arkansas ,  Garden Plain, Kansas ,  Bonners Ferry, Idaho ",0
monarch,http://rtw.ml.cmu.edu/rtw/kbbrowser/pred:monarch," software valentine ,  articles valentine ,  alfred hansen ",Beach,http://dbpedia.org/ontology/Beach,,0
vehicle,http://rtw.ml.cmu.edu/rtw/kbbrowser/pred:vehicle," porsche 356b ,  hand stair ,  water taxis ",Vein,http://dbpedia.org/ontology/Vein," Ileocolic vein ,  Supreme intercostal vein ,  Basilic vein ",0
director,http://rtw.ml.cmu.edu/rtw/kbbrowser/pred:director," hype williams ,  ruchi narain ,  frank miller ",Actor,http://dbpedia.org/ontology/Actor," Lymari Nadal ,  Kaoru Kuroki ,  Alp Haydar ",0
videogame,http://rtw.ml.cmu.edu/rtw/kbbrowser/pred:videogame," premier manager 2012 ,  buzz  junior  dino den ,  castlevania  aria of sorrow ",BoardGame,http://dbpedia.org/ontology/BoardGame,,0
port,http://rtw.ml.cmu.edu/rtw/kbbrowser/pred:port," birmingham south ,  johannesburg international airport ,  sogndal airport ",Poem,http://dbpedia.org/ontology/Poem," Pines of Rome ,  De rerum natura ,  Lady Lazarus ",0
videogame,http://rtw.ml.cmu.edu/rtw/kbbrowser/pred:videogame," tomb raider 3 ,  project gotham racing 3 ,  antimalarials ",VideoGame,http://dbpedia.org/ontology/VideoGame," Football Tycoon ,  Brass (board game) ,  Wizard (card game) ",1
reptile,http://rtw.ml.cmu.edu/rtw/kbbrowser/pred:reptile," maracaibo wood turtle ,  painted coral snake ,  forest turtle ",Reptile,http://dbpedia.org/ontology/Reptile," Northeastern hill krait ,  Pseudalsophis ,  Strange-nosed chameleon ",1
disease,http://rtw.ml.cmu.edu/rtw/kbbrowser/pred:disease," lethal cancer ,  beta glucuronidase deficiency ,  adhd need ",Cheese,http://dbpedia.org/ontology/Cheese," Battle of the Queens (Aosta) ,  Bucheron ,  Le Douanier ",0
athlete,http://rtw.ml.cmu.edu/rtw/kbbrowser/pred:athlete," mike cammalleri ,  keith urbantom glavine ,  scott davis ",Cheese,http://dbpedia.org/ontology/Cheese," Jameed ,  Limburger ,  Arzúa-Ulloa cheese ",0
religion,http://rtw.ml.cmu.edu/rtw/kbbrowser/pred:religion," philippine mythology ,  manhattan bible church ,  temple church ",Election,http://dbpedia.org/ontology/Election," Madrilenian parliamentary election, 1999 ,  United States Senate election in Montana, 2012 ,  2009 The Dominion Curling Club Championship ",0
lake,http://rtw.ml.cmu.edu/rtw/kbbrowser/pred:lake," metz pond ,  bread pond ,  bertrand lake ",Lake,http://dbpedia.org/ontology/Lake," Lake Lahontan (reservoir) ,  Lake Limestone ,  History of mentalities ",1
bombingevent,http://rtw.ml.cmu.edu/rtw/kbbrowser/pred:bombingevent," boston marathon bombings ,  game winning blast ,  bombing of plaza de mayo ",Magazine,http://dbpedia.org/ontology/Magazine," The Rebel (magazine) ,  Ananda Vikatan ,  Stock Car Racing (magazine) ",0
book,http://rtw.ml.cmu.edu/rtw/kbbrowser/pred:book," n30 degrees celcius ,  a good man is hard to find ,  life copyright ",Zoo,http://dbpedia.org/ontology/Zoo,,0
judge,http://rtw.ml.cmu.edu/rtw/kbbrowser/pred:judge," judge flannigan ,  justice schemes ,  judge pucinski ",Judge,http://dbpedia.org/ontology/Judge," Herbert William Christenberry ,  Randall B. Kester ,  Stephanie A. Finley ",1
hospital,http://rtw.ml.cmu.edu/rtw/kbbrowser/pred:hospital," reeves county juvenile detention center ,  kalispell regional hospital ,  holdenville general hospital ",Hotel,http://dbpedia.org/ontology/Hotel," White Swan Hotel, Alnwick ,  Hotel Ukraine ,  Park Central Hotel San Francisco ",0
fish,http://rtw.ml.cmu.edu/rtw/kbbrowser/pred:fish," white sea catfish ,  cleftbelly tre,  horse mackerel ",Fish,http://dbpedia.org/ontology/Fish," Macropsobrycon ,  Bluestripe snapper ,  Sternoptyx ",1
airport,http://rtw.ml.cmu.edu/rtw/kbbrowser/pred:airport," hewanorra airport ,  tempelhof airport ,  bagley municipal airport ",Artery,http://dbpedia.org/ontology/Artery," Anterior auricular branches ,  Penile artery ,  Dorsal nasal artery ",0
sportsteam,http://rtw.ml.cmu.edu/rtw/kbbrowser/pred:sportsteam," francis marion university patriots ,  macon state college ,  lassen community college ",Sport,http://dbpedia.org/ontology/Sport," Safety engineering ,  Association football in Honduras ,  Project management ",#
automobileengine,http://rtw.ml.cmu.edu/rtw/kbbrowser/pred:automobileengine," v 12 engine ,  bmw l7 engines ,  lexus lx engines ",AutombileEngine,http://dbpedia.org/ontology/AutombileEngine,,1
color,http://rtw.ml.cmu.edu/rtw/kbbrowser/pred:color," pinkish red color ,  dark chocolate brown color ,  acid yellow ",Country,http://dbpedia.org/ontology/Country," Bavand dynasty ,  Pakualaman ,  Hajdučka Republika Mijata Tomića ",0
politicalparty,http://rtw.ml.cmu.edu/rtw/kbbrowser/pred:politicalparty," solomon islands labor party ,  bsp ,  nationalist front for progress or nfp ",PoliticalConcepts,http://dbpedia.org/ontology/PoliticalConcepts,,1
musicgenre,http://rtw.ml.cmu.edu/rtw/kbbrowser/pred:musicgenre," terrific rock ,  electric folk ,  beatwithjoecrows ",MusicalArtist,http://dbpedia.org/ontology/MusicalArtist," John Kerr (singer) ,  Liz Tilton ,  Adnan Şenses ",0
muscle,http://rtw.ml.cmu.edu/rtw/kbbrowser/pred:muscle," prescription reflux ,  prescription phentermine tablets ,  prescription hand ",MusicGenre,http://dbpedia.org/ontology/MusicGenre," Minneapolis sound ,  Baggy ,  Canterbury scene ",0
programminglanguage,http://rtw.ml.cmu.edu/rtw/kbbrowser/pred:programminglanguage," n1    ii ,  n3 331 ,  common lisp  mcl  ",City,http://dbpedia.org/ontology/City," Breckenridge, Missouri ,  Erich, Uttar Pradesh ,  Aumsville, Oregon ",0
bridge,http://rtw.ml.cmu.edu/rtw/kbbrowser/pred:bridge," hardinge bridge ,  route 130 highway bridge ,  kongolo bridge ",Bridge,http://dbpedia.org/ontology/Bridge," Blauwbrug ,  Highline Bridge (Kansas City, Kansas) ,  Hazen Bridge ",1
bacteria,http://rtw.ml.cmu.edu/rtw/kbbrowser/pred:bacteria," neisseria meningitidis alpha14 ,  pseudonocardia endophytica ,  strand cdna ",Fungus,http://dbpedia.org/ontology/Fungus," Miriquidica ,  Berkleasmium ,  Menegazzia cincinnata ",0
trainstation,http://rtw.ml.cmu.edu/rtw/kbbrowser/pred:trainstation," kansas city kansas community college ,  charter college ,  ohio university zanesville ",Convention,http://dbpedia.org/ontology/Convention," Austin City Limits Music Festival ,  World Breastfeeding Week ,  Lichtjesroute ",0
televisionstation,http://rtw.ml.cmu.edu/rtw/kbbrowser/pred:televisionstation," wltv ,  kdlh dt2 ,  wciu tv ",RailwayStation,http://dbpedia.org/ontology/RailwayStation," Ōasa Station ,  Tynan and Caledon railway station ,  Limavady Junction railway station ",0
journalist,http://rtw.ml.cmu.edu/rtw/kbbrowser/pred:journalist," nimo ahmed ,  andy lloyd ,  john mcmullen ",Hospital,http://dbpedia.org/ontology/Hospital," S.S. Gida Hospital ,  Massac Memorial Hospital ,  Danvers State Hospital ",0
lake,http://rtw.ml.cmu.edu/rtw/kbbrowser/pred:lake," pomeroy reservoir ,  mead creek ,  ross lake ",Airport,http://dbpedia.org/ontology/Airport," Wageni Airport ,  Esenboğa International Airport ,  Avon Park Executive Airport ",0
election,http://rtw.ml.cmu.edu/rtw/kbbrowser/pred:election," us presidential election ,  n2010 primary election ,  afghan presidential election ",TradeUnion,http://dbpedia.org/ontology/TradeUnion," Writers Guild of America, West ,  Ecuador Confederation of Free Trade Union Organizations ,  US Airline Pilots Association ",0
tradeunion,http://rtw.ml.cmu.edu/rtw/kbbrowser/pred:tradeunion," public and commercial services union ,  local 17 laborers union ,  united road transport union ",RadioStation,http://dbpedia.org/ontology/RadioStation," KCCA-LP ,  KYMX ,  WAYF ",0
televisionshow,http://rtw.ml.cmu.edu/rtw/kbbrowser/pred:televisionshow," wednesday evenings 6 30 ,  speed buggy ,  tuesday authorities ",Religious,http://dbpedia.org/ontology/Religious," Yuan Ying ,  Nasiruddin Chiragh Dehlavi ,  Nyanasamvara Suvaddhana ",0
artery,http://rtw.ml.cmu.edu/rtw/kbbrowser/pred:artery," medial tarsal artery ,  posterior gastric artery ,  pudendal arteries ",Artery,http://dbpedia.org/ontology/Artery," Anterior inferior cerebellar artery ,  Vasa nervorum ,  Inferior hypophysial artery ",1
planet,http://rtw.ml.cmu.edu/rtw/kbbrowser/pred:planet," lamuella ,  global warming earth ,  time mars ",Museum,http://dbpedia.org/ontology/Museum," 1812 Homestead Farm and Museum ,  Katzrin ancient village and synagogue ,  Cossack Village (Stetsivka) ",0
skyscraper,http://rtw.ml.cmu.edu/rtw/kbbrowser/pred:skyscraper," tokyo tower ,  well fargo center ,  kensington close hotel ",Skyscraper,http://dbpedia.org/ontology/Skyscraper," Matitone,  FKI Tower , 63 Building ",1
athlete,http://rtw.ml.cmu.edu/rtw/kbbrowser/pred:athlete," ryan garko ,  ruddy lugo ,  roscoe miller ",State,http://dbpedia.org/ontology/State,,0
trainstation,http://rtw.ml.cmu.edu/rtw/kbbrowser/pred:trainstation," university of indiana ,  harris school of business ,  forrest junior college ",Profession,http://dbpedia.org/ontology/Profession,,0
cardgame,http://rtw.ml.cmu.edu/rtw/kbbrowser/pred:cardgame," holdem poqer tournament ,  poker columbia ,  poker tournement ",CardGame,http://dbpedia.org/ontology/CardGame,,1
musicfestival,http://rtw.ml.cmu.edu/rtw/kbbrowser/pred:musicfestival," crash music festival ,  kristianstad international jazz festival ,  phuket vegetarian festival ",MusicGenre,http://dbpedia.org/ontology/MusicGenre," Iambus (genre) ,  Shahana ,  Steampunk fashion ",0
mountainrange,http://rtw.ml.cmu.edu/rtw/kbbrowser/pred:mountainrange," pindos range ,  resting spring range ,  steamboat mountain ",Mountain,http://dbpedia.org/ontology/Mountain," Mount Eissinger ,  Olsen Peak ,  Sunnyslope Mountain ",0
street,http://rtw.ml.cmu.edu/rtw/kbbrowser/pred:street," paige street ,  collingwood avenue ,  j avenue ",Athlete,http://dbpedia.org/ontology/Athlete," Paul Harris (musician) ,  Patrick Hougaard ,  Corey Williams (basketball, born 1970) ",0
protein,http://rtw.ml.cmu.edu/rtw/kbbrowser/pred:protein," neuropeptide y receptor y2 ,  igf binding protein 6 ,  lim domain only protein 1 ",Profession,http://dbpedia.org/ontology/Profession,,0
cardgame,http://rtw.ml.cmu.edu/rtw/kbbrowser/pred:cardgame," automobile ins policy on line ,  em on net descriptive ,  em poker games ",RecordLabel,http://dbpedia.org/ontology/RecordLabel," Emperor Norton Records ,  Music for Leisure ,  Sub Rosa (label) ",0
vein,http://rtw.ml.cmu.edu/rtw/kbbrowser/pred:vein," internal mammary vein ,  internal auditory meatus ,  inferior ramus ",Bone,http://dbpedia.org/ontology/Bone," Jugular tubercle ,  Nasal foramina ,  Gaussian surface ",0
sport,http://rtw.ml.cmu.edu/rtw/kbbrowser/pred:sport," snow kayaking ,  synchronised swimming ,  varsity volleyball ",SportsTeam,http://dbpedia.org/ontology/SportsTeam," Persita Tangerang ,  SD Navarro CF ,  FS Baix Maestrat ",0
reptile,http://rtw.ml.cmu.edu/rtw/kbbrowser/pred:reptile," coast garter snake ,  natal black snake ,  tortoises ",Website,http://dbpedia.org/ontology/Website," Blinkbox Music ,  OpIndia.com ,  Macteens ",0
weapon,http://rtw.ml.cmu.edu/rtw/kbbrowser/pred:weapon," two automatic weapons ,  galil rifle ,  five mortar shells ",Weapon,http://dbpedia.org/ontology/Weapon," Firawa mine ,  KS-23 ,  Norinco JW-20 ",1
winery,http://rtw.ml.cmu.edu/rtw/kbbrowser/pred:winery," estate investment development ,  manatawny creek winery ,  harrison vineyards ",Hospital,http://dbpedia.org/ontology/Hospital," Hampton University Proton Therapy Institute ,  Russian Ilizarov Scientific Center for Restorative Traumatology and Orthopaedics ,  Indira Gandhi Memorial Hospital ",0
conference,http://rtw.ml.cmu.edu/rtw/kbbrowser/pred:conference," dancelife teacher conference ,  dsl access ,  class java awt component component accessibleawtcomponent ",Country,http://dbpedia.org/ontology/Country," History of Athens ,  First Mexican Empire ,  Île Saint-Paul ",0
bank,http://rtw.ml.cmu.edu/rtw/kbbrowser/pred:bank," first national bank of wayne ,  national bank of platteville ,  southern independent bank ",Bank,http://dbpedia.org/ontology/Bank," Virtu Financial ,  FCM Bank Limited ,  Disclosed fees ",1
newspaper,http://rtw.ml.cmu.edu/rtw/kbbrowser/pred:newspaper," counterpunch ,  outdoor photographer magazine ,  the los angeles times ",Skyscraper,http://dbpedia.org/ontology/Skyscraper," Brisbane Quarter ,  Matitone,  Perret tower (Grenoble) ",0
chef,http://rtw.ml.cmu.edu/rtw/kbbrowser/pred:chef," chris walker ,  david fulcher ,  jerome gilliam ",Coach,http://dbpedia.org/ontology/Coach," Buddy Nix ,  Jim Marshall (coach) ,  Bob Higgins (American football) ",0
politician,http://rtw.ml.cmu.edu/rtw/kbbrowser/pred:politician," leo hauser ,  angela merkel ,  thelma d  drake ",Politician,http://dbpedia.org/ontology/Politician," Jake Ootes ,  Ben Schoeman ,  Santiago Pérez de Manosalbas ",1
street,http://rtw.ml.cmu.edu/rtw/kbbrowser/pred:street," week street ,  birmingham road ,  northwest road ",District,http://dbpedia.org/ontology/District,,1
trainstation,http://rtw.ml.cmu.edu/rtw/kbbrowser/pred:trainstation," concorde career college north hollywood ,  east rancho ,  eton technical institute ",Bridge,http://dbpedia.org/ontology/Bridge," Stayton–Jordan Bridge ,  Lynn Canyon Suspension Bridge ,  Bridge Street Bridge (Elkhart, Indiana) ",0
architect,http://rtw.ml.cmu.edu/rtw/kbbrowser/pred:architect," william branham ,  master of affligem ,  francesco primaticcio detto il bologna ",Archaea,http://dbpedia.org/ontology/Archaea," Methanococcales ,  Palaeococcus ferrophilus ,  Methanothermobacter marburgensis ",0
scientist,http://rtw.ml.cmu.edu/rtw/kbbrowser/pred:scientist," robert crawford iii ,  thomas s  kuhn ,  george william manby ",Politician,http://dbpedia.org/ontology/Politician," Kayode Olofin-Moyin ,  K. T. Rama Rao ,  Thomas Barker (Australian politician) ",0
monarch,http://rtw.ml.cmu.edu/rtw/kbbrowser/pred:monarch," alexander iii of macedon ,  alfred luna ,  alfred faris ",Monarch,http://dbpedia.org/ontology/Monarch," Pontius Pilate ,  Domitian ,  Salahuddin of Aceh ",1
architect,http://rtw.ml.cmu.edu/rtw/kbbrowser/pred:architect," gilberto zorio ,  william talman ,  jacomo ",Architect,http://dbpedia.org/ontology/Architect," José Luis Calderón Cabrera ,  Sheila O'Donnell ,  Robert Roper ",1
